{
    "editor_model": {
        "model_id": 134239292, 
        "select_effect_scale": 1.0, 
        "name": "fanchuan", 
        "res_type": "kkres", 
        "version": 1, 
        "describe": "test_describe", 
        "key": 134239292, 
        "socket_info": {
            "origin": [
                "origin", 
                "Scene Root", 
                0.0, 
                0.0, 
                0.0, 
                0.0, 
                0.0, 
                0.0
            ], 
            "sound": [
                "sound", 
                "Scene Root", 
                0.0, 
                0.0, 
                0.0, 
                0.0, 
                0.0, 
                0.0
            ], 
            "ui_hp": [
                "ui_hp", 
                "Scene Root", 
                0.0, 
                0.0, 
                0.0, 
                0.0, 
                0.0, 
                0.0
            ], 
            "hit_point": [
                "hit_point", 
                "Scene Root", 
                0.0, 
                0.0, 
                0.0, 
                0.0, 
                0.0, 
                0.0
            ], 
            "top": [
                "top", 
                "Scene Root", 
                0.0, 
                0.0, 
                0.0, 
                0.0, 
                0.0, 
                0.0
            ], 
            "attack1": [
                "attack1", 
                "Scene Root", 
                0.0, 
                0.0, 
                0.0, 
                0.0, 
                0.0, 
                0.0
            ], 
            "buff": [
                "buff", 
                "Scene Root", 
                0.0, 
                0.0, 
                0.0, 
                0.0, 
                0.0, 
                0.0
            ], 
            "\u5de6\u70ae1": [
                "\u5de6\u70ae1", 
                "Scene Root", 
                0.6, 
                0.0, 
                0.3, 
                0.0, 
                0.0, 
                0.0
            ], 
            "\u5de6\u70ae2": [
                "\u5de6\u70ae2", 
                "Scene Root", 
                0.6, 
                0.0, 
                -0.35000000000000003, 
                0.0, 
                0.0, 
                0.0
            ], 
            "\u5de6\u70ae3": [
                "\u5de6\u70ae3", 
                "Scene Root", 
                0.6, 
                0.0, 
                -1.0, 
                0.0, 
                0.0, 
                0.0
            ], 
            "\u53f3\u70ae1": [
                "\u53f3\u70ae1", 
                "Scene Root", 
                -0.6, 
                0.0, 
                0.3, 
                0.0, 
                0.0, 
                0.0
            ], 
            "\u53f3\u70ae2": [
                "\u53f3\u70ae2", 
                "Scene Root", 
                -0.6, 
                0.0, 
                -0.35000000000000003, 
                0.0, 
                0.0, 
                0.0
            ], 
            "\u53f3\u70ae3": [
                "\u53f3\u70ae3", 
                "Scene Root", 
                -0.6, 
                0.0, 
                -1.0, 
                0.0, 
                0.0, 
                0.0
            ], 
            "water": [
                "water", 
                "Scene Root", 
                0.0, 
                -0.35000000000000003, 
                -1.8, 
                0.0, 
                0.0, 
                0.0
            ]
        }, 
        "size": 1.0, 
        "uid": 134239292, 
        "preview_icon": "UP1ModelPreview/134239292", 
        "preview_item": {
            "path": "UP1ModelPreview/134239292", 
            "key": 134239292, 
            "size": "100X68"
        }, 
        "md5": "6768d697f6859b8c718835b85d05c29a"
    }, 
    "model": {
        "name": "fanchuan", 
        "model_id": 134239292, 
        "meshes": [
            "custom_model/134239292/0621_lxj_JiaLeBiHaiDao_lulihao04", 
            "custom_model/134239292/0621_lxj_JiaLeBiHaiDao_lulihao03", 
            "custom_model/134239292/0621_lxj_JiaLeBiHaiDao_lulihao01", 
            "custom_model/134239292/0621_lxj_JiaLeBiHaiDao_lulihao02"
        ], 
        "materials": [
            "custom_model/134239292/Material_0621_lxj_JiaLeBiHaiDao_lulihao04", 
            "custom_model/134239292/Material_0621_lxj_JiaLeBiHaiDao_lulihao03", 
            "custom_model/134239292/Material_0621_lxj_JiaLeBiHaiDao_lulihao01", 
            "custom_model/134239292/Material_0621_lxj_JiaLeBiHaiDao_lulihao02"
        ], 
        "textures": [], 
        "skeleton": "", 
        "graph": "", 
        "anims": {}, 
        "physics_meshes": [
            "custom_model/134239292/AutoPhy_Mesh_0621_lxj_JiaLeBiHaiDao_lulihao04", 
            "custom_model/134239292/AutoPhy_Mesh_0621_lxj_JiaLeBiHaiDao_lulihao03", 
            "custom_model/134239292/AutoPhy_Mesh_0621_lxj_JiaLeBiHaiDao_lulihao01", 
            "custom_model/134239292/AutoPhy_Mesh_0621_lxj_JiaLeBiHaiDao_lulihao02"
        ], 
        "preview_icon": "UP1ModelPreview/134239292", 
        "custom": true, 
        "box": [
            -1.3125079870224, 
            0.6671010255813599, 
            -2.097856044769287, 
            1.3125799894332886, 
            2.6739680767059326, 
            1.8216769695281982
        ]
    }, 
    "preview_icon": {
        "path": "UP1ModelPreview/134239292", 
        "key": 134239292, 
        "size": "100X68"
    }, 
    "res_type": "editor_model", 
    "import_export_folder_info": "/code_explorer_custom_root_folder_name"
}