<?xml version="1.0" encoding="utf-8"?>
<Resource>
	<Version>2</Version>
	<SMaterialData>
		<Root>
			<Sub/>
			<Entity type="SMaterialData">
				<name/>
				<info>
					<Layers count="1" ordered="true">
						<Element index="0">
							<LayerName>8bb4df3f-bd3b-430b-aac5-c36aa6e22576</LayerName>
							<ShaderName>c5c7cfa0-a62d-416d-b1fc-4a598ee8732e</ShaderName>
							<Parameters count="3" ordered="true">
								<Element index="0">
									<Name>tBaseMap</Name>
									<Value>3ae26f89-f8df-42a0-a2ea-1eabfa4f4934</Value>
								</Element>
								<Element index="1">
									<Name>tNormalMap</Name>
									<Value>d0db56da-f06a-496b-840f-e3b92317dea4</Value>
								</Element>
								<Element index="2">
									<Name>tMixMap</Name>
									<Value>8b8c4bb0-c7b6-4427-bfa6-24c753a6ee53</Value>
								</Element>
							</Parameters>
							<MultiPassMaterials count="0" ordered="true"/>
						</Element>
					</Layers>
				</info>
				<flags count="1" ordered="true">
					<Element index="0">1048592</Element>
				</flags>
				<customRenderset count="1" ordered="true">
					<Element index="0">0</Element>
				</customRenderset>
			</Entity>
		</Root>
	</SMaterialData>
</Resource>
