<?xml version="1.0" encoding="utf-8"?>
<Resource>
	<Version>2</Version>
	<SMaterialData>
		<Root>
			<Sub/>
			<Entity type="SMaterialData">
				<name/>
				<info>
					<Layers count="1" ordered="true">
						<Element index="0">
							<LayerName>2f05a03d-bf8b-4505-ba35-8555423aa8b5</LayerName>
							<ShaderName>c5c7cfa0-a62d-416d-b1fc-4a598ee8732e</ShaderName>
							<Parameters count="3" ordered="true">
								<Element index="0">
									<Name>tBaseMap</Name>
									<Value>bb41bce0-fa88-4b5e-b66e-06f4a0ffbaa7</Value>
								</Element>
								<Element index="1">
									<Name>tNormalMap</Name>
									<Value>d0db56da-f06a-496b-840f-e3b92317dea4</Value>
								</Element>
								<Element index="2">
									<Name>tMixMap</Name>
									<Value>66faaf31-8c63-4d26-81e3-5cfaa5b06c6b</Value>
								</Element>
							</Parameters>
							<MultiPassMaterials count="0" ordered="true"/>
						</Element>
					</Layers>
				</info>
				<flags count="1" ordered="true">
					<Element index="0">262160</Element>
				</flags>
				<customRenderset count="1" ordered="true">
					<Element index="0">0</Element>
				</customRenderset>
			</Entity>
		</Root>
	</SMaterialData>
</Resource>
